{"canBack":false,"force":40,"inventary":[2,1,2,3],"lastestMap":"views/game/maps/1/vector.lua","lastestPositions":{"x":866.39655018654,"y":649.39922934864},"life":100,"magic":30,"map":"views/game/maps/1/vector.lua","money":55,"position":{"x":2018.3426828399,"y":551.12024766859}}